<application>
  <component name="ProjectManager">
    <defaultProject>
      <component name="ProjectViewState">
        <option name="autoscrollFromSource" value="true" />
        <option name="compactDirectories" value="true" />
        <option name="foldersAlwaysOnTop" value="false" />
        <option name="hideEmptyMiddlePackages" value="true" />
        <option name="showLibraryContents" value="true" />
      </component>
      <component name="PropertiesComponent">
        <property name="android.sdk.path" value="$USER_HOME$/AppData/Local/Android/Sdk" />
        <property name="settings.editor.selected.configurable" value="dev.polek.adbwifi.settings.AdbWifiConfigurable" />
      </component>
    </defaultProject>
  </component>
</application>